latitude,longitude,AvgYrlyTemp,AvgYrlyMaxTemp,AvgYrlyMinTemp,AvgYrlyHumidity,AvgYearlyRain,soilType,positiveOccurences,negativeOccurences
55.49986051,8.099860358,9.966792193,12.42139475,7.362108706,82.24611646,2.753424825,Regosol Dystric,87,0
55.59986051,8.099860358,9.955668745,12.37969954,7.3858064,82.53057861,2.799999666,Regosol Dystric,53,0
55.89986051,8.099860358,10.1174798,12.31205586,7.942685814,82.05374442,2.308493084,Regosol Dystric,2,0
55.99986051,8.099860358,10.13493084,12.27049176,7.996573336,82.10051381,2.310137354,Cambisol Dystric,43,0
56.09986051,8.099860358,10.06764702,12.26616412,7.882408497,82.28343838,2.497534514,Gleysol Eutric,5,0
56.19986051,8.099860358,10.00517779,12.25213506,7.806361703,82.367416,2.772601904,Gleysol Eutric,136,0
56.29986051,8.099860358,9.990353435,12.24898866,7.773832807,82.276199,2.819452991,Cambisol Dystric,97,0
56.39986051,8.099860358,9.960743525,12.17679126,7.74685092,82.28707673,2.860272969,Gleysol Eutric,0,0
56.49986051,8.099860358,9.858138244,12.00745799,7.68854947,82.43037082,2.902465151,Luvisol Gleyic,3,0
55.49986051,8.199860358,9.972491706,12.60161735,7.21005458,82.3901717,2.753424825,Cambisol Dystric,9,0
55.59986051,8.199860358,9.966792193,12.42139475,7.362108706,82.24611646,2.799999666,Regosol Dystric,40,0
55.69986051,8.199860358,9.955668745,12.37969954,7.3858064,82.53057861,2.956165052,Podzol Haplic,72,0
55.79986051,8.199860358,9.987510033,12.50614164,7.41613803,82.46333077,2.723013598,Fluvisol Eutric,0,0
55.89986051,8.199860358,10.01621896,12.45449486,7.58854947,82.22913707,2.308493084,Cambisol Dystric,0,0
55.99986051,8.199860358,10.1174798,12.31205586,7.942685814,82.05374442,2.310137354,Cambisol Dystric,0,0
56.09986051,8.199860358,10.13493084,12.27049176,7.996573336,82.10051381,2.497534514,Gleysol Eutric,0,0
56.19986051,8.199860358,10.06764702,12.26616412,7.882408497,82.28343838,2.772601904,Podzol Haplic,1,0
56.29986051,8.199860358,10.00517779,12.25213506,7.806361703,82.367416,2.819452991,Cambisol Dystric,3,0
56.39986051,8.199860358,9.990353435,12.24898866,7.773832807,82.276199,2.860272969,Podzol Haplic,0,0
56.49986051,8.199860358,9.960743525,12.17679126,7.74685092,82.28707673,2.902465151,Luvisol Gleyic,2,0
55.49986051,8.299860358,9.912491305,12.72762602,6.963367535,82.47297433,2.866301236,Podzol Haplic,32,0
55.59986051,8.299860358,9.972491706,12.60161735,7.21005458,82.3901717,2.983834546,Cambisol Dystric,3,0
55.69986051,8.299860358,9.912465887,12.529638,7.15019063,82.48713728,2.956165052,Podzol Haplic,1,0
55.79986051,8.299860358,9.93205533,12.50714897,7.248823443,82.52691096,2.723013598,Podzol Haplic,2,0
55.89986051,8.299860358,9.987510033,12.50614164,7.41613803,82.46333077,2.53479422,Cambisol Dystric,0,0
55.99986051,8.299860358,10.01621896,12.45449486,7.58854947,82.22913707,2.523287002,Podzol Haplic,0,0
56.09986051,8.299860358,10.01092747,12.40668611,7.631562366,82.19397353,2.640273504,Podzol Haplic,17,0
56.19986051,8.299860358,9.969887093,12.40079329,7.572303082,82.32534029,2.787123923,Podzol Haplic,82,0
56.29986051,8.299860358,9.928110954,12.36747779,7.517589496,82.34838731,2.850411695,Podzol Haplic,2,0
56.39986051,8.299860358,9.919067048,12.36148197,7.504190523,82.2998999,2.895890077,Podzol Haplic,26,0
56.49986051,8.299860358,9.870462998,12.2604947,7.47266227,82.40544386,2.871233211,Luvisol Gleyic,0,0
56.69986051,8.299860358,9.745064346,12.00819109,7.161588988,82.66396234,2.811780287,Luvisol Gleyic,2,0
56.79986051,8.299860358,9.753868124,12.02718054,7.201643434,82.69814343,2.72630147,Regosol Dystric,93,0
54.69986052,8.399860357,10.57221813,13.31479425,7.934546233,81.94501575,2.680274274,Gleysol ti,0,0
55.39986051,8.399860357,9.993642311,12.84692717,6.99145374,82.45542969,2.998903708,Cambisol Dystric,120,0
55.49986051,8.399860357,9.837313383,12.85066219,6.643534621,82.64826401,3.026301637,Cambisol Dystric,8,0
55.59986051,8.399860357,9.912491305,12.72762602,6.963367535,82.47297433,3.144109857,Podzol Haplic,4,0
55.69986051,8.399860357,9.856766374,12.68564453,6.891675808,82.69498698,3.217808888,Podzol Haplic,0,0
55.79986051,8.399860357,9.814410986,12.61394612,6.914546768,82.58530495,2.95123174,Podzol Haplic,22,0
55.89986051,8.399860357,9.857700128,12.62440737,7.043943975,82.51592845,2.778082526,Podzol Haplic,0,0
55.99986051,8.399860357,9.896163313,12.60196784,7.177285558,82.38191617,2.784656765,Podzol Haplic,3,0
56.09986051,8.399860357,9.838136103,12.50961713,7.184742214,82.35282044,2.841369796,Podzol Haplic,5,0
56.19986051,8.399860357,9.783259311,12.45246816,7.138604987,82.47325258,2.896712128,Podzol Haplic,58,0
56.29986051,8.399860357,9.750243472,12.43501177,7.11158765,82.49866882,2.87917748,Podzol Haplic,6,0
56.39986051,8.399860357,9.791453071,12.45186483,7.140576841,82.40873629,2.924657869,Podzol Haplic,12,0
56.49986051,8.399860357,9.76260167,12.33372485,7.153866786,82.48798828,2.893699165,Luvisol Gleyic,0,0
56.59986051,8.399860357,9.626272876,12.08904377,7.082107502,82.64645173,2.778904243,Luvisol Gleyic,11,0
56.69986051,8.399860357,9.646519826,12.15128692,6.894490448,82.72942635,2.811780287,Luvisol Gleyic,3,0
56.79986051,8.399860357,9.745064346,12.00819109,7.161588988,82.66396234,2.72630147,Arenosol Haplic,1,0
56.89986051,8.399860357,9.753868124,12.02718054,7.201643434,82.69814343,2.708766822,Regosol Dystric,205,0
55.09986051,8.499860357,10.23791337,12.93101455,7.53970061,82.21838414,2.478356432,Regosol Dystric,121,0
55.49986051,8.499860357,9.993642311,12.84692717,6.99145374,82.45542969,3.157808152,Cambisol Dystric,4,0
55.59986051,8.499860357,9.837313383,12.85066219,6.643534621,82.64826401,3.209589376,Podzol Haplic,1,0
55.69986051,8.499860357,9.769970703,12.81136692,6.576134418,82.83731131,3.249588974,Podzol Haplic,0,0
55.79986051,8.499860357,9.659916792,12.66777611,6.531502836,82.8278712,3.093698496,Podzol Haplic,0,0
55.89986051,8.499860357,9.68136906,12.6893956,6.623725118,82.72180587,2.947944202,Podzol Haplic,3,0
55.99986051,8.499860357,9.729508241,12.7226509,6.726519023,82.46810081,3.0046574,Podzol Haplic,0,0
56.09986051,8.499860357,9.502958449,12.43873609,6.602573844,82.66570578,3.049588974,Podzol Haplic,0,0
56.19986051,8.499860357,9.526575878,12.46541631,6.649177948,82.58774249,3.030959372,Podzol Haplic,27,0
56.29986051,8.499860357,9.521450262,12.44523625,6.644135274,82.60054775,2.958630204,Podzol Haplic,10,0
56.39986051,8.499860357,9.62002622,12.52301744,6.747835509,82.56096696,2.990411293,Luvisol Gleyic,0,0
56.49986051,8.499860357,9.579863415,12.37994569,6.746137227,82.66276223,2.89095877,Luvisol Haplic,2,0
56.59986051,8.499860357,9.588492616,12.29036012,6.821644237,82.62416217,2.778904243,Luvisol Gleyic,5,0
56.69986051,8.499860357,9.703892204,12.3124398,6.946707112,82.4907377,2.72356141,Luvisol Gleyic,6,0
56.79986051,8.499860357,9.646519826,12.15128692,6.894490448,82.72942635,2.71041126,Luvisol Gleyic,0,0
56.89986051,8.499860357,9.57010381,12.02728756,6.888850466,82.73647198,2.708766822,Luvisol Gleyic,8,0
56.99986051,8.499860357,9.403125,11.8417554,6.826328393,82.8068827,2.72191831,Regosol Dystric,121,0
54.79986052,8.599860356,10.33717559,13.40805463,7.231892792,81.97839084,2.68657561,Fluvisol Eutric,0,0
54.99986051,8.599860356,10.20016521,13.12539464,7.249539143,82.25401629,2.58547982,Podzol Haplic,18,0
55.39986051,8.599860356,9.971944563,13.0896471,6.638356164,82.43327945,3.049041832,Fluvisol Eutric,0,0
55.49986051,8.599860356,9.737697988,13.07723272,6.196304447,82.65696483,3.221917808,Podzol Haplic,3,0
55.59986051,8.599860356,9.744632251,12.99112933,6.304629308,82.7334714,3.239451787,Podzol Haplic,7,0
55.69986051,8.599860356,9.718986783,12.96646511,6.303943038,82.72950053,3.239177547,Podzol Haplic,0,0
55.79986051,8.599860356,9.567064426,12.81031946,6.227507625,82.83979949,3.181370398,Podzol Haplic,1,0
55.89986051,8.599860356,9.541261103,12.77619595,6.214518006,82.81517386,3.048493351,Podzol Haplic,26,0
55.99986051,8.599860356,9.584439212,12.84898866,6.291894531,82.59778904,3.083012829,Podzol Haplic,4,0
56.09986051,8.599860356,9.397012789,12.60594767,6.213285263,82.70112774,3.106575744,Podzol Haplic,4,0
56.19986051,8.599860356,9.32835777,12.51425246,6.187914705,82.68258693,3.123835148,Podzol Haplic,3,0
56.29986051,8.599860356,9.325288955,12.49536735,6.219755324,82.64676339,2.985754227,Podzol Haplic,2,0
56.39986051,8.599860356,9.469616198,12.62589095,6.354108251,82.49986323,2.932602138,Luvisol Gleyic,0,0
56.49986051,8.599860356,9.43578232,12.49443359,6.366684503,82.64883576,2.8476713,Cambisol Dystric,0,0
56.59986051,8.599860356,9.576708984,12.51487853,6.56651929,82.48661808,2.787945306,Cambisol Dystric,5,0
56.69986051,8.599860356,9.557094125,12.37788822,6.622741866,82.56039412,2.726850452,Luvisol Gleyic,2,0
56.79986051,8.599860356,9.546686376,12.26413875,6.653317637,82.66198319,2.698904377,Luvisol Gleyic,4,0
56.89986051,8.599860356,9.357727552,11.99991706,6.570766668,82.78782924,2.696712463,Luvisol Gleyic,0,0
56.99986051,8.599860356,9.191590192,11.78035772,6.506301504,82.96527532,2.72191831,Arenosol Haplic,181,0
54.69986052,8.699860356,10.26016495,13.52255324,6.826739084,82.00123355,2.765205446,Fluvisol Eutric,0,0
54.79986052,8.699860356,10.21098767,13.4569871,6.801918343,81.99401042,2.68657561,Fluvisol Eutric,0,0
54.89986052,8.699860356,10.33717559,13.40805463,7.231892792,81.97839084,2.743836118,Fluvisol Eutric,0,0
54.99986051,8.699860356,10.10274173,13.17626953,6.889127381,82.1340559,2.58547982,Podzol Haplic,0,0
55.09986051,8.699860356,10.20016521,13.12539464,7.249539143,82.25401629,2.752601937,Fluvisol Eutric,0,0
55.19986051,8.699860356,10.12005097,13.02767016,6.992465085,82.0812399,2.842465753,Podzol Haplic,28,0
55.29986051,8.699860356,10.08852138,13.10435707,6.82934169,82.19987912,2.898082994,Podzol Haplic,0,0
55.39986051,8.699860356,9.901613335,13.11602365,6.438768862,82.43076759,3.049041832,Cambisol Dystric,0,0
55.49986051,8.699860356,9.971944563,13.0896471,6.638356164,82.43327945,3.214520682,Cambisol Dystric,0,0
55.59986051,8.699860356,9.737697988,13.07723272,6.196304447,82.65696483,3.227944403,Podzol Haplic,26,0
55.69986051,8.699860356,9.652712302,13.05824593,6.087068573,82.80872065,3.236985967,Podzol Haplic,1,0
55.79986051,8.699860356,9.514490582,12.93509471,5.971396752,82.88970361,3.198355897,Podzol Haplic,1,0
55.89986051,8.699860356,9.45463399,12.90483064,5.922109107,82.80667364,3.142465419,Podzol Haplic,2,0
55.99986051,8.699860356,9.432140277,12.94270923,5.908135568,82.56967076,3.102739392,Podzol Haplic,0,0
56.09986051,8.699860356,9.322547892,12.7783872,5.876793932,82.68873643,3.122465954,Podzol Haplic,10,0
56.19986051,8.699860356,9.214963479,12.63405394,5.841893193,82.75365668,3.093971733,Cambisol Dystric,0,0
56.29986051,8.699860356,9.182471372,12.56369997,5.835154912,82.72277627,2.959452924,Podzol Haplic,0,0
56.39986051,8.699860356,9.310736836,12.72280073,5.946985365,82.48987228,2.856712864,Luvisol Gleyic,0,0
56.49986051,8.699860356,9.364107984,12.67063089,6.083809798,82.64738498,2.789041096,Cambisol Dystric,1,0
56.59986051,8.699860356,9.479868097,12.63947988,6.27016334,82.47518222,2.728766956,Cambisol Dystric,2,0
56.69986051,8.699860356,9.459505431,12.47587356,6.347016133,82.60418122,2.697534347,Luvisol Haplic,0,0
56.79986051,8.699860356,9.315360793,12.18084734,6.292275123,82.84964229,2.64876709,Luvisol Gleyic,0,0
56.89986051,8.699860356,9.243447667,12.04728435,6.314412323,82.78299665,2.683287069,Cambisol Dystric,0,0
56.99986051,8.699860356,9.086934798,11.82345489,6.277395254,82.76637012,2.696712463,Gleysol Eutric,28,0
54.59986052,8.799860356,10.2500301,13.65389287,6.567999518,82.05625755,3.005479786,Fluvisol Eutric,0,0
54.69986052,8.799860356,10.15852285,13.58118713,6.422246896,81.86430406,2.765205446,Fluvisol Eutric,0,0
54.79986052,8.799860356,10.26016495,13.52255324,6.826739084,82.00123355,2.692602372,Podzol Haplic,0,0
54.89986052,8.799860356,10.21098767,13.4569871,6.801918343,81.99401042,2.743836118,Cambisol Dystric,1,0
54.99986051,8.799860356,10.14145374,13.31304313,6.825448149,82.11921658,2.729041196,Podzol Haplic,0,0
55.09986051,8.799860356,10.10274173,13.17626953,6.889127381,82.1340559,2.752601937,Podzol Haplic,4,0
55.19986051,8.799860356,10.09813851,13.07285022,6.943644317,82.16893422,2.842465753,Cambisol Dystric,5,0
55.29986051,8.799860356,10.12005097,13.02767016,6.992465085,82.0812399,2.898082994,Podzol Haplic,0,0
55.39986051,8.799860356,10.08852138,13.10435707,6.82934169,82.19987912,3.084931841,Podzol Haplic,0,0
55.49986051,8.799860356,9.901613335,13.11602365,6.438768862,82.43076759,3.203286534,Cambisol Dystric,5,0
55.59986051,8.799860356,9.739098619,13.15140464,6.105563062,82.66214276,3.275890277,Podzol Haplic,6,0
55.69986051,8.799860356,9.582030581,13.09010863,5.897973298,82.81788908,3.244383428,Podzol Haplic,4,0
55.79986051,8.799860356,9.486272608,13.05104077,5.768683781,82.83307108,3.233698429,Podzol Haplic,12,0
55.89986051,8.799860356,9.407918852,13.03548266,5.683067343,82.67709446,3.179451386,Podzol Haplic,2,0
55.99986051,8.799860356,9.356713533,12.98914945,5.633204463,82.64918998,3.139452456,Podzol Haplic,0,0
56.09986051,8.799860356,9.2181955,12.84739539,5.567998515,82.51088881,3.119177413,Podzol Haplic,0,0
56.19986051,8.799860356,9.163974208,12.76068466,5.582547959,82.63338919,3.052329035,Cambisol Dystric,1,0
56.29986051,8.799860356,9.141974797,12.70482395,5.588440778,82.68114149,2.953423654,Podzol Haplic,6,0
56.39986051,8.799860356,9.216518622,12.77876712,5.679009257,82.57194553,2.868767391,Luvisol Gleyic,0,0
56.49986051,8.799860356,9.241451734,12.69673855,5.801867509,82.57781948,2.77589011,Podzol Haplic,16,0
56.59986051,8.799860356,9.322378665,12.64172464,5.969341957,82.53020833,2.716438523,Luvisol Haplic,9,0
56.69986051,8.799860356,9.321971318,12.49038019,6.058707459,82.56291032,2.664931373,Cambisol Dystric,3,0
56.79986051,8.799860356,9.200082272,12.21219633,6.047507759,82.79267879,2.598629301,Cambisol Dystric,0,0
56.89986051,8.799860356,9.129999866,12.05079998,6.075286949,82.90552377,2.636163748,Cambisol Dystric,0,0
56.99986051,8.799860356,9.094794119,11.97523009,6.137861194,82.73518834,2.648218442,Regosol Dystric,62,0
54.49986052,8.899860355,10.28010756,13.74950904,6.451616679,82.30295681,3.088218375,Fluvisol Eutric,0,0
54.59986052,8.899860355,10.14868565,13.63999893,6.259647234,82.1242513,3.005479786,Cambisol Dystric,0,0
54.69986052,8.899860355,10.2500301,13.65389287,6.567999518,82.05625755,2.880822921,Podzol Haplic,0,0
54.79986052,8.899860355,10.15852285,13.58118713,6.422246896,81.86430406,2.754246709,Podzol Haplic,0,0
54.89986052,8.899860355,10.06402638,13.47459867,6.363642444,82.00678995,2.818903842,Podzol Haplic,0,0
54.99986051,8.899860355,9.992822266,13.32712436,6.44353529,82.13657808,2.848492682,Podzol Haplic,0,0
55.09986051,8.899860355,9.979616599,13.19767364,6.551481566,82.16376327,2.878082526,Podzol Haplic,13,0
55.19986051,8.899860355,9.967123288,13.10270628,6.603920965,82.19109815,2.912602338,Podzol Haplic,69,0
55.29986051,8.899860355,9.965916631,13.07624411,6.623996013,82.15268222,2.982739592,Podzol Haplic,0,0
55.39986051,8.899860355,9.984300754,13.19033069,6.546606111,82.19731001,3.142465419,Podzol Haplic,0,0
55.49986051,8.899860355,9.81328727,13.15175112,6.21725907,82.59417245,3.229863081,Podzol Haplic,4,0
55.59986051,8.899860355,9.653449406,13.13703981,5.925805999,82.80248749,3.307671032,Podzol Haplic,8,0
55.69986051,8.899860355,9.510411762,13.11512735,5.702357128,82.95004486,3.298904377,Podzol Haplic,0,0
55.79986051,8.899860355,9.419885756,13.09136879,5.547917113,82.79910477,3.317261077,Podzol Haplic,6,0
55.89986051,8.899860355,9.308245933,13.04473726,5.431370398,82.76436349,3.234520815,Podzol Haplic,6,0
55.99986051,8.899860355,9.249696998,13.00671554,5.378793878,82.7602416,3.191232007,Podzol Haplic,2,0
56.09986051,8.899860355,9.0620766,12.80556106,5.25328921,82.69096857,3.110136853,Cambisol Dystric,0,0
56.19986051,8.899860355,9.011238495,12.71870987,5.265479519,82.62571669,3.024110392,Podzol Haplic,1,0
56.29986051,8.899860355,9.096192075,12.78015571,5.377259471,82.54079861,2.94356238,Podzol Haplic,7,0
56.39986051,8.899860355,9.117697854,12.77767284,5.450163541,82.53929579,2.813971533,Podzol Haplic,1,0
56.49986051,8.899860355,9.107971024,12.65385675,5.533368672,82.57805427,2.770137421,Podzol Haplic,0,0
56.59986051,8.899860355,9.243399508,12.67129174,5.73523384,82.50293785,2.713698797,Luvisol Haplic,0,0
56.69986051,8.899860355,9.186631796,12.46200637,5.80391829,82.60469076,2.674246676,Podzol Haplic,0,0
56.79986051,8.899860355,9.194357342,12.35446276,5.895889073,82.5555269,2.58876719,Cambisol Dystric,0,0
56.89986051,8.899860355,9.153123662,12.2230937,5.971753933,82.66288078,2.6,Cambisol Dystric,0,0
56.99986051,8.899860355,9.081098165,12.07249304,6.027258134,82.59665774,2.670958971,Gleysol Eutric,40,0
54.49986052,8.999860355,10.33967118,13.781452,6.583614485,82.38927409,3.088218375,Histosol Eutric,0,0
54.59986052,8.999860355,10.28010756,13.74950904,6.451616679,82.30295681,3.263014033,Podzol Haplic,0,0
54.69986052,8.999860355,10.14868565,13.63999893,6.259647234,82.1242513,2.870137254,Histosol Eutric,0,0
54.79986052,8.999860355,10.04709573,13.61786307,6.055530956,81.76837787,2.821095422,Podzol Haplic,0,0
54.89986052,8.999860355,9.88698697,13.45646939,5.994797464,82.00489093,2.883288407,Podzol Haplic,0,0
54.99986051,8.999860355,9.848380645,13.32052253,6.130466074,81.96641168,2.887397662,Podzol Haplic,0,0
55.09986051,8.999860355,9.856058701,13.18672009,6.239644424,82.1263634,2.952876512,Cambisol Dystric,0,0
55.19986051,8.999860355,9.833722844,13.0999184,6.312083289,82.23429841,2.971231873,Podzol Haplic,0,0
55.29986051,8.999860355,9.868964041,13.12166497,6.34893247,82.17732839,3.053151086,Luvisol Haplic,0,0
55.39986051,8.999860355,9.841946704,13.17616519,6.256740288,82.43949653,3.153149414,Podzol Haplic,0,0
55.49986051,8.999860355,9.706872057,13.14211259,6.00008361,82.67643955,3.287397662,Podzol Haplic,3,0
55.59986051,8.999860355,9.523063597,13.10469151,5.706522902,82.74151991,3.356984094,Podzol Haplic,9,0
55.69986051,8.999860355,9.416606245,13.09835723,5.486768247,82.88706179,3.369041297,Podzol Haplic,114,0
55.79986051,8.999860355,9.309696062,13.08252221,5.319234602,82.88504861,3.333424858,Podzol Haplic,48,0
55.89986051,8.999860355,9.221723833,13.06073684,5.199095342,82.83690581,3.264382893,Podzol Haplic,15,0
55.99986051,8.999860355,9.154547036,13.02794307,5.128410946,82.74661603,3.185479318,Podzol Haplic,2,0
56.09986051,8.999860355,8.991560092,12.84597603,5.031125589,82.64779193,3.094246977,Cambisol Dystric,2,0
56.19986051,8.999860355,8.954628639,12.78097977,5.045096118,82.57907164,2.998904377,Podzol Haplic,2,0
56.29986051,8.999860355,9.010080667,12.79739004,5.141425313,82.50852865,2.882739927,Podzol Haplic,3,0
56.39986051,8.999860355,9.045392097,12.77385889,5.243177775,82.57949003,2.764931875,Podzol Haplic,0,0
56.49986051,8.999860355,9.141619622,12.78559503,5.416547718,82.44514478,2.713972703,Podzol Haplic,1,0
56.59986051,8.999860355,9.143426263,12.66202777,5.541232676,82.53352865,2.678356265,Luvisol Gleyic,0,0
56.69986051,8.999860355,9.065754094,12.43966984,5.591700557,82.63182509,2.669589108,Luvisol Haplic,6,0
56.79986051,8.999860355,9.107207834,12.37383481,5.724765893,82.55826095,2.60520471,Luvisol Gleyic,19,0
56.89986051,8.999860355,9.124249518,12.30037859,5.831039972,82.39806338,2.585479318,Cambisol Dystric,0,0
56.99986051,8.999860355,9.082520869,12.1764916,5.9325202,82.42541027,2.631507017,Gleysol Eutric,31,0
54.49986052,9.099860354,10.2698891,13.80961713,6.387179607,82.40523003,3.024109723,Histosol Eutric,0,0
54.59986052,9.099860354,10.22063022,13.76909915,6.27906745,82.39661495,3.265754094,Podzol Haplic,0,0
54.69986052,9.099860354,10.12509632,13.68964175,6.117040347,82.16948605,3.156713533,Podzol Haplic,0,0
54.79986052,9.099860354,9.99569443,13.58772608,5.953811938,81.94967322,2.952877515,Podzol Haplic,0,0
54.89986052,9.099860354,9.778026675,13.39471318,5.827917648,82.0609785,2.931506515,Podzol Haplic,0,0
54.99986051,9.099860354,9.710684664,13.25953419,5.905396511,81.93758657,2.934793718,Podzol Haplic,0,0
55.09986051,9.099860354,9.776794601,13.18071891,6.055505538,82.0753441,2.970136919,Podzol Haplic,0,0
55.19986051,9.099860354,9.744410183,13.07547758,6.121234883,82.27062954,2.971506448,Podzol Haplic,0,0
55.29986051,9.099860354,9.834137548,13.18424791,6.193943975,82.23128571,3.043562045,Podzol Haplic,0,0
55.39986051,9.099860354,9.705507545,13.11578018,6.024741144,82.33864774,3.092329302,Podzol Haplic,0,0
55.49986051,9.099860354,9.651671527,13.17607957,5.866875803,82.59319352,3.216438022,Podzol Haplic,23,0
55.59986051,9.099860354,9.456247993,13.09822212,5.544521551,82.9252957,3.327945406,Podzol Haplic,22,0
55.69986051,9.099860354,9.30698978,13.05279591,5.296518822,82.94109553,3.38136906,Podzol Haplic,21,0
55.79986051,9.099860354,9.2255846,13.09087516,5.117972094,82.94304777,3.351232408,Podzol Haplic,20,0
55.89986051,9.099860354,9.116822961,13.05104077,4.969451988,82.80266224,3.255340994,Podzol Haplic,0,0
55.99986051,9.099860354,9.024216743,12.97824272,4.867725947,82.78162202,3.053150417,Podzol Haplic,31,0
56.09986051,9.099860354,8.919233599,12.87453847,4.814848432,82.54991441,2.99315035,Cambisol Dystric,4,0
56.19986051,9.099860354,8.846708449,12.75969472,4.776683901,82.48691352,2.909590044,Podzol Haplic,2,0
56.29986051,9.099860354,8.884407106,12.74248582,4.900628411,82.46141493,2.838083262,Podzol Haplic,2,0
56.39986051,9.099860354,8.984085376,12.78252087,5.054904551,82.5843643,2.804383829,Podzol Haplic,0,0
56.49986051,9.099860354,8.985341529,12.67906946,5.170025217,82.6019499,2.666849048,Podzol Haplic,0,0
56.59986051,9.099860354,9.117016267,12.72307229,5.415561791,82.53819086,2.655343001,Podzol Haplic,3,0
56.69986051,9.099860354,9.059835857,12.52799791,5.492930958,82.42878982,2.618082459,Cambisol Dystric,0,0
56.79986051,9.099860354,9.069618873,12.423285,5.615671153,82.45202534,2.541094887,Cambisol Dystric,0,0
56.89986051,9.099860354,9.09679741,12.3711486,5.746412136,82.34807204,2.572601904,Cambisol Dystric,0,0
56.99986051,9.099860354,9.071560627,12.2527919,5.837808353,82.28319218,2.572054259,Gleysol Eutric,0,0
54.49986052,9.199860354,10.2047176,13.82011317,6.318820901,82.16437805,3.065206282,Histosol Eutric,0,0
54.59986052,9.199860354,10.17224489,13.74907561,6.211505378,82.24191157,3.533150618,Podzol Haplic,0,0
54.69986052,9.199860354,10.10884725,13.66242642,6.091399561,82.1076978,3.375890946,Podzol Haplic,0,0
54.79986052,9.199860354,10.00865596,13.53219178,5.961883963,81.98323025,3.17260274,Podzol Haplic,6,1
54.89986052,9.199860354,9.747041551,13.30021805,5.808686724,82.17452413,3.038629736,Podzol Haplic,0,0
54.99986051,9.199860354,9.674025444,13.20247217,5.859837195,81.99952389,2.956438958,Podzol Haplic,0,0
55.09986051,9.199860354,9.730878104,13.13704249,5.985754227,82.0729365,2.967122953,Podzol Haplic,0,0
55.19986051,9.199860354,9.679561082,13.01296019,6.030193172,82.35987539,2.973424457,Luvisol Haplic,0,0
55.29986051,9.199860354,9.809943547,13.19196811,6.123013431,82.19348347,3.01616445,Podzol Haplic,0,0
55.39986051,9.199860354,9.714466503,13.18433353,5.98778026,82.3662948,3.058356298,Podzol Haplic,0,0
55.49986051,9.199860354,9.690604265,13.29364298,5.845287083,82.38745526,3.181369395,Cambisol Dystric,22,0
55.59986051,9.199860354,9.486548186,13.20203205,5.512464549,82.72890406,3.286027799,Podzol Haplic,0,0
55.69986051,9.199860354,9.278658096,13.09089924,5.183479372,82.92987669,3.383013832,Podzol Haplic,0,0
55.79986051,9.199860354,9.132522207,13.04778334,4.921069336,82.98045172,3.31972489,Podzol Haplic,0,0
55.89986051,9.199860354,9.004546367,12.99639073,4.760464937,82.9134577,3.166574473,Podzol Haplic,0,0
55.99986051,9.199860354,8.931702162,12.96177761,4.660273973,82.7931882,2.940547745,Podzol Haplic,1,0
56.09986051,9.199860354,8.783811804,12.81292942,4.545397448,82.57902179,2.921917474,Podzol Haplic,2,0
56.19986051,9.199860354,8.717204222,12.6987104,4.537534782,82.55074833,2.917259739,Podzol Haplic,2,0
56.29986051,9.199860354,8.790247084,12.72159273,4.703042059,82.50731198,2.833149615,Podzol Haplic,0,0
56.39986051,9.199860354,8.869640946,12.72145494,4.85964322,82.58914966,2.778082526,Podzol Haplic,0,0
56.49986051,9.199860354,8.946165989,12.69049524,5.050107355,82.54398567,2.653973472,Podzol Haplic,0,0
56.59986051,9.199860354,9.027530367,12.67953901,5.255672423,82.32163997,2.565205446,Cambisol Dystric,1,0
56.69986051,9.199860354,9.099205372,12.63522983,5.452929688,82.32394748,2.569040293,Podzol Haplic,0,0
56.79986051,9.199860354,9.090301263,12.52180811,5.560082339,82.29962465,2.489040929,Podzol Haplic,0,0
56.89986051,9.199860354,9.076686911,12.42452376,5.666820286,82.25740218,2.518356867,Podzol Haplic,0,0
56.99986051,9.199860354,9.042793504,12.30246682,5.736187661,82.22367906,2.526027397,Gleysol Eutric,0,0
54.49986052,9.299860354,10.17986475,13.87364351,6.336165588,81.78330133,3.12246562,Histosol Eutric,0,0
54.59986052,9.299860354,10.18484857,13.80934022,6.250989271,81.92553306,3.393424591,Podzol Haplic,0,0
54.69986052,9.299860354,10.13210951,13.64939533,6.138409675,81.85270819,3.265480188,Podzol Haplic,0,0
54.79986052,9.299860354,10.07720195,13.47186296,6.034463292,82.0442255,3.202465486,Podzol Haplic,0,0
54.89986052,9.299860354,9.906933594,13.27545082,5.956878746,82.231977,2.969315537,Podzol Haplic,0,0
54.99986051,9.299860354,9.805505538,13.18651809,5.995371361,82.26170261,2.951233077,Luvisol Haplic,0,0
55.09986051,9.299860354,9.776743097,13.11750722,6.070766668,82.2347893,2.912053858,Podzol Haplic,0,0
55.19986051,9.299860354,9.743783444,13.06383909,6.095341262,82.33033568,2.907123555,Podzol Haplic,0,0
55.29986051,9.299860354,9.808853944,13.1737211,6.154906892,82.21845488,2.961369595,Podzol Haplic,0,0
55.39986051,9.299860354,9.766301236,13.24523625,6.057150979,82.32132662,3.003561778,Podzol Haplic,0,0
55.49986051,9.299860354,9.708603114,13.34043905,5.881284782,82.42380654,3.095890411,Luvisol Haplic,0,0
55.59986051,9.299860354,9.491722629,13.2285183,5.51235385,82.59810064,3.199726094,Luvisol Haplic,0,0
55.69986051,9.299860354,9.317072453,13.18588533,5.183424524,82.77616408,3.362740127,Luvisol Haplic,0,0
55.79986051,9.299860354,9.012194991,12.94553724,4.802109977,83.01020466,3.265479519,Podzol Haplic,0,0
55.89986051,9.299860354,8.864057818,12.88277638,4.592136665,82.98558805,3.132328566,Cambisol Dystric,1,0
55.99986051,9.299860354,8.835480656,12.89836259,4.508274361,82.90255106,3.015342064,Podzol Haplic,0,0
56.09986051,9.299860354,8.703370478,12.75627809,4.401043116,82.66974083,2.937808687,Podzol Haplic,8,0
56.19986051,9.299860354,8.645122539,12.65764662,4.408109148,82.60797599,2.894246642,Podzol Haplic,0,0
56.29986051,9.299860354,8.705209894,12.66238629,4.566356419,82.52159379,2.828219312,Podzol Haplic,0,0
56.39986051,9.299860354,8.729726964,12.60789009,4.700848807,82.67230544,2.749863883,Podzol Haplic,2,0
56.49986051,9.299860354,8.904218616,12.70437848,4.980081804,82.43680013,2.60794544,Cambisol Dystric,0,0
56.59986051,9.299860354,9.036792327,12.73659969,5.214218349,82.32163262,2.51671176,Podzol Haplic,0,0
56.69986051,9.299860354,9.094764689,12.68562179,5.397370304,82.30950809,2.520273872,Podzol Haplic,0,0
56.79986051,9.299860354,9.029011264,12.5160397,5.457178069,82.20475443,2.43945162,Podzol Haplic,0,0
56.89986051,9.299860354,9.029070125,12.42734107,5.577204289,82.30619995,2.38547982,Luvisol Haplic,1,0
56.99986051,9.299860354,8.987643809,12.30890411,5.632026568,82.24439633,2.444384097,Podzol Haplic,4,0
54.49986052,9.399860353,10.21290601,14.00205747,6.392439667,81.50335981,3.072876311,Podzol Haplic,0,0
54.59986052,9.399860353,10.23090085,13.91422303,6.357586419,81.56198459,3.211782293,Podzol Haplic,0,0
54.69986052,9.399860353,10.20832954,13.6917728,6.25227218,81.76676432,3.0,Podzol Haplic,0,0
54.79986052,9.399860353,10.17797183,13.40506341,6.157396458,81.82680263,2.905753023,Luvisol Haplic,0,0
54.89986052,9.399860353,10.06090406,13.23277371,6.140489218,82.24628961,2.952328366,Podzol Haplic,0,0
54.99986051,9.399860353,9.929068119,13.14695259,6.177727017,82.24801432,2.869589442,Luvisol Haplic,0,0
55.09986051,9.399860353,9.833039919,13.05079061,6.213836419,82.22279692,2.86383575,Luvisol Haplic,0,0
55.19986051,9.399860353,9.798464924,13.04299015,6.240243739,82.23123489,2.843835951,Luvisol Haplic,0,0
55.29986051,9.399860353,9.827016,13.1430945,6.259561617,82.24129972,2.883013832,Luvisol Haplic,0,0
55.39986051,9.399860353,9.768577429,13.21707379,6.123617428,82.22849939,2.912602338,Luvisol Haplic,0,0
55.49986051,9.399860353,9.681341636,13.3022996,5.929589844,82.24669054,3.003014301,Podzol Haplic,0,0
55.59986051,9.399860353,9.513477231,13.25246549,5.564521351,82.57747396,3.143835616,Luvisol Haplic,0,0
55.69986051,9.399860353,9.282300139,13.14981138,5.179152063,82.84839142,3.239726696,Luvisol Haplic,0,0
55.79986051,9.399860353,9.009676664,12.95547811,4.812165561,82.90641183,3.278081523,Podzol Haplic,0,0
55.89986051,9.399860353,8.764825021,12.80092171,4.501725372,83.07515935,3.11972489,Podzol Haplic,0,0
55.99986051,9.399860353,8.719915855,12.79372726,4.396820821,82.90846098,3.092877114,Podzol Haplic,0,0
56.09986051,9.399860353,8.636350867,12.70295109,4.328053764,82.80946363,3.013698965,Podzol Haplic,0,0
56.19986051,9.399860353,8.569808835,12.59391454,4.346601429,82.66192782,2.912602673,Luvisol Gleyic,0,0
56.29986051,9.399860353,8.649176611,12.6246562,4.491011946,82.66635293,2.812329102,Podzol Haplic,0,0
56.39986051,9.399860353,8.771619488,12.68433085,4.703316299,82.49251845,2.700273906,Podzol Haplic,0,0
56.49986051,9.399860353,8.918330613,12.74410718,4.956655006,82.4307342,2.573424959,Gleysol Eutric,0,0
56.59986051,9.399860353,8.983124197,12.72910156,5.15739813,82.24651811,2.528219145,Podzol Haplic,0,0
56.69986051,9.399860353,8.986521431,12.60822185,5.285071637,82.29268585,2.464657969,Podzol Haplic,0,0
56.79986051,9.399860353,8.995780046,12.52192048,5.419258013,82.24173888,2.384109957,Podzol Haplic,6,0
56.89986051,9.399860353,8.978682176,12.42290106,5.506082446,82.21563704,2.357534748,Podzol Haplic,3,0
56.99986051,9.399860353,8.979015277,12.35736836,5.577178537,82.13983939,2.383288073,Podzol Haplic,2,0
57.09986051,9.399860353,8.950467546,12.25041203,5.633288741,82.17210829,2.397808085,Regosol Dystric,4,0
54.49986052,9.499860353,10.13156036,14.01633,6.371287725,81.33336219,3.098355228,Luvisol Haplic,0,0
54.59986052,9.499860353,10.18690068,13.92763806,6.411781625,81.35130208,3.209589041,Luvisol Haplic,0,0
54.69986052,9.499860353,10.19597469,13.66651862,6.337782267,81.63483109,3.016163447,Luvisol Haplic,0,0
54.79986052,9.499860353,10.20589014,13.37796982,6.313182256,81.85647021,2.782466021,Luvisol Haplic,0,0
54.89986052,9.499860353,10.16835737,13.24463158,6.377149106,82.15566517,2.864109321,Luvisol Haplic,0,0
54.99986051,9.499860353,9.985811751,13.06770655,6.404494863,82.42333715,2.730958536,Cambisol Dystric,0,0
55.19986051,9.499860353,9.957068038,13.12534247,6.527619328,82.2200807,2.764108653,Luvisol Haplic,0,0
55.29986051,9.499860353,9.923428805,13.18109482,6.469343295,82.14786179,2.745205312,Luvisol Haplic,0,0
55.39986051,9.499860353,9.834053938,13.23247003,6.269806828,82.24624936,2.823561243,Luvisol Haplic,0,0
55.49986051,9.499860353,9.710356914,13.28290748,5.992824941,82.46891053,2.939999933,Podzol Haplic,0,0
55.59986051,9.499860353,9.522631501,13.23986248,5.610001405,82.54209769,3.080273772,Luvisol Haplic,0,0
55.69986051,9.499860353,9.245588747,13.12005833,5.177834038,82.80974587,3.173698363,Luvisol Haplic,1,0
55.79986051,9.499860353,9.014735392,12.99134471,4.820354974,82.95754291,3.190410959,Podzol Haplic,0,0
55.89986051,9.499860353,8.829805891,12.88193894,4.530466743,83.00728433,3.205753023,Luvisol Haplic,0,0
55.99986051,9.499860353,8.626054821,12.69101563,4.30241231,82.97357212,3.121642899,Podzol Haplic,0,0
56.09986051,9.499860353,8.582849957,12.6612104,4.278272488,82.89929644,2.989862813,Podzol Haplic,1,0
56.19986051,9.499860353,8.612326092,12.65422464,4.361370264,82.75768156,2.925479251,Luvisol Gleyic,0,0
56.29986051,9.499860353,8.700302333,12.71392739,4.524302025,82.60392795,2.776164183,Podzol Haplic,0,0
56.39986051,9.499860353,8.828272822,12.76803162,4.741641026,82.44334852,2.679726295,Podzol Haplic,0,0
56.49986051,9.499860353,8.904795189,12.76487586,4.937205025,82.4187295,2.610959071,Podzol Haplic,0,0
56.59986051,9.499860353,8.955527611,12.70583797,5.117918584,82.35331003,2.504658069,Podzol Haplic,0,0
56.69986051,9.499860353,8.956165721,12.60816299,5.264683888,82.25266982,2.365479853,Podzol Haplic,0,0
56.79986051,9.499860353,8.977236729,12.53313222,5.40523297,82.18908451,2.362466389,Podzol Haplic,1,0
56.89986051,9.499860353,8.921339897,12.397481,5.421643903,82.22178393,2.332329235,Podzol Haplic,5,0
56.99986051,9.499860353,8.928877488,12.35803189,5.484328513,82.13935929,2.319451821,Gleysol Eutric,0,0
57.09986051,9.499860353,8.991590192,12.35403334,5.57857549,82.03847493,2.397808085,Regosol Dystric,22,0
54.49986052,9.599860352,10.07186162,14.02610632,6.319643622,81.10365708,3.435890344,Podzol Haplic,0,0
54.59986052,9.599860352,10.13536762,13.92871763,6.454821276,81.33741862,3.227398264,Luvisol Haplic,0,0
54.69986052,9.599860352,10.11991853,13.58339844,6.417177467,81.83088967,3.066849048,Luvisol Haplic,0,0
54.79986052,9.599860352,10.1352626,13.33104399,6.484271324,82.03982296,2.774794822,Cambisol Dystric,0,0
54.89986052,9.599860352,10.22610833,13.27841529,6.681153013,82.10086769,2.761918076,Luvisol Haplic,0,0
55.19986051,9.599860352,10.15556039,13.19158417,7.048050219,82.06056293,2.653150919,Luvisol Haplic,0,0
55.39986051,9.599860352,9.952083556,13.26904163,6.484300086,82.25203874,2.690410123,Luvisol Haplic,0,0
55.49986051,9.599860352,9.766387521,13.26885033,6.110876632,82.41147447,2.807945272,Luvisol Haplic,0,0
55.59986051,9.599860352,9.564465834,13.26088533,5.69501418,82.47862383,2.989862813,Luvisol Haplic,0,0
55.69986051,9.599860352,9.257615181,13.10802788,5.211917741,82.75772521,3.074520749,Luvisol Haplic,0,0
55.79986051,9.599860352,9.041068466,13.03134097,4.835969941,82.92372418,3.100000334,Luvisol Haplic,0,0
55.89986051,9.599860352,8.886246522,12.98155768,4.565835028,83.10431537,3.171232877,Luvisol Haplic,0,0
55.99986051,9.599860352,8.629978462,12.71984161,4.296961285,83.01846941,3.099726763,Podzol Haplic,0,0
56.09986051,9.599860352,8.587999652,12.69446436,4.283618164,82.99614831,2.930411226,Podzol Haplic,0,0
56.19986051,9.599860352,8.76865435,12.85238656,4.475534099,82.60707369,2.870410156,Luvisol Gleyic,4,0
56.29986051,9.599860352,8.702078205,12.72016267,4.539203633,82.53964844,2.759452088,Podzol Haplic,0,0
56.39986051,9.599860352,8.832462008,12.77695714,4.758439239,82.51052848,2.669041129,Podzol Haplic,0,0
56.49986051,9.599860352,8.846929179,12.71315283,4.917779123,82.48843316,2.668493485,Podzol Haplic,0,0
56.59986051,9.599860352,8.959260622,12.73136772,5.143972402,82.41646468,2.573973104,Podzol Haplic,0,0
56.69986051,9.599860352,8.945887735,12.61035959,5.262384953,82.23361789,2.376711827,Podzol Haplic,0,0
56.79986051,9.599860352,8.961289999,12.5331242,5.385476977,82.19640185,2.350136284,Podzol Haplic,0,0
56.89986051,9.599860352,8.941944028,12.46322373,5.418492482,82.13347271,2.326575041,Podzol Haplic,0,0
56.99986051,9.599860352,8.974163233,12.45383936,5.479043705,82.00018105,2.303287537,Cambisol Dystric,0,0
57.09986051,9.599860352,9.017804875,12.46247057,5.552300942,82.01073128,2.316712931,Gleysol Eutric,0,0
57.19986051,9.599860352,8.97589429,12.36254682,5.591204583,81.95294002,2.31123281,Gleysol Eutric,3,0
54.49986052,9.699860352,9.996711125,13.91844098,6.226987238,81.48966313,3.310410758,Cambisol Dystric,0,0
54.59986052,9.699860352,10.14117281,13.88230281,6.459401086,81.6271253,3.210411427,Podzol Haplic,0,0
54.69986052,9.699860352,10.11602967,13.56340031,6.530518916,81.92836372,2.933698764,Luvisol Haplic,0,0
54.89986052,9.699860352,10.20205413,13.21682229,6.958822506,82.22008975,2.601643769,Luvisol Haplic,0,0
54.99986051,9.699860352,10.15534233,13.06677146,7.085374304,82.04268973,2.254795189,Luvisol Haplic,0,0
55.49986051,9.699860352,9.903973138,13.36440764,6.319589442,82.18531551,2.678357435,Cambisol Dystric,0,0
55.59986051,9.699860352,9.64849101,13.3151501,5.820685065,82.47389915,2.813150484,Cambisol Dystric,0,0
55.69986051,9.699860352,9.407262682,13.25728542,5.342821931,82.58315512,2.972054928,Luvisol Haplic,0,0
55.79986051,9.699860352,9.018464389,13.01123181,4.827314319,82.96120558,3.022738522,Luvisol Haplic,0,0
55.89986051,9.699860352,8.91320366,13.04205372,4.545232235,82.96193332,3.1046574,Luvisol Haplic,0,0
55.99986051,9.699860352,8.694873047,12.83355496,4.315396578,83.07917794,3.055890478,Podzol Haplic,0,0
56.09986051,9.699860352,8.667722603,12.77807952,4.337177601,82.84860272,2.96109569,Luvisol Gleyic,0,0
56.19986051,9.699860352,8.72604947,12.81008,4.468549336,82.76575988,2.831780755,Luvisol Gleyic,0,0
56.29986051,9.699860352,8.804989164,12.82871228,4.646190068,82.55901575,2.740274173,Luvisol Gleyic,0,0
56.39986051,9.699860352,8.882631234,12.82657588,4.840219325,82.47468491,2.693150518,Podzol Haplic,0,0
56.49986051,9.699860352,8.879479479,12.70890277,4.979971104,82.44673097,2.687123589,Podzol Haplic,0,0
56.59986051,9.699860352,8.971647581,12.72518327,5.167288835,82.45579427,2.605479285,Podzol Haplic,0,0
56.69986051,9.699860352,8.93841235,12.61728382,5.251451466,82.40151449,2.553972636,Podzol Haplic,0,0
56.79986051,9.699860352,8.862793638,12.46196624,5.275587275,82.39733165,2.428219814,Podzol Haplic,0,0
56.89986051,9.699860352,8.911121442,12.45785798,5.358082727,82.22253487,2.375069229,Podzol Haplic,0,0
56.99986051,9.699860352,8.902851429,12.40925594,5.358602445,82.24320509,2.303835349,Gleysol Eutric,0,0
57.09986051,9.699860352,9.019701145,12.51112612,5.50726101,82.05983764,2.280273939,Gleysol Eutric,1,0
57.19986051,9.699860352,8.994467707,12.44722951,5.524822413,81.92287884,2.31123281,Gleysol Eutric,1,0
57.29986051,9.699860352,8.93605656,12.31824031,5.560465941,81.9312717,2.25808256,Arenosol Haplic,0,0
54.49986052,9.799860352,10.0892839,13.94322159,6.267453714,81.60531141,2.966301236,Luvisol Haplic,0,0
54.59986052,9.799860352,10.13246468,13.76764769,6.451618017,81.78232907,3.017808888,Luvisol Haplic,0,0
54.69986052,9.799860352,10.084981,13.45808808,6.566822961,82.24773934,2.745754127,Luvisol Haplic,0,0
54.89986052,9.799860352,10.2036688,12.95315176,7.645840245,81.61185438,2.256164384,Luvisol Haplic,0,0
55.29986051,9.799860352,10.13939828,13.19912377,7.118930597,82.05080295,2.372054427,Cambisol Dystric,0,0
55.39986051,9.799860352,9.847945874,13.1873194,6.455369756,82.25713621,2.46712312,Luvisol Haplic,0,0
55.69986051,9.799860352,9.427783203,13.26564908,5.403809932,82.61143633,2.841643367,Luvisol Haplic,0,0
55.79986051,9.799860352,9.066056427,13.06048668,4.876959814,82.92452994,2.93808159,Luvisol Haplic,0,0
55.89986051,9.799860352,8.96578018,13.14076279,4.556246656,82.91574528,2.999999331,Luvisol Haplic,0,0
55.99986051,9.799860352,8.740796233,12.90457513,4.355697506,82.98689321,2.933698764,Podzol Haplic,0,0
56.09986051,9.799860352,8.792057069,12.92306427,4.455617241,82.72782629,2.958355964,Luvisol Gleyic,0,0
56.19986051,9.799860352,8.627234054,12.66380699,4.432709827,82.72553138,2.856438289,Luvisol Haplic,0,0
56.29986051,9.799860352,8.73386197,12.71780822,4.665121335,82.55565046,2.738629234,Luvisol Gleyic,0,0
56.39986051,9.799860352,8.825567878,12.70610552,4.860136853,82.49972254,2.699178283,Luvisol Haplic,0,0
56.49986051,9.799860352,8.926573871,12.72589095,5.074247512,82.45512709,2.683836386,Podzol Haplic,0,0
56.59986051,9.799860352,8.998931132,12.72825209,5.241424979,82.44799668,2.631780588,Cambisol Dystric,1,0
56.69986051,9.799860352,8.921999411,12.5887401,5.269916858,82.38484287,2.627670999,Podzol Haplic,0,0
56.79986051,9.799860352,8.809837195,12.41539491,5.243342653,82.5396787,2.522191714,Podzol Haplic,0,0
56.89986051,9.799860352,8.80789611,12.35879843,5.254137347,82.57753033,2.43452115,Podzol Haplic,0,0
56.99986051,9.799860352,8.839616331,12.37531705,5.283341917,82.40029242,2.353698898,Cambisol Dystric,0,0
57.09986051,9.799860352,9.007617188,12.55317316,5.424273932,82.11340161,2.328218977,Arenosol Haplic,0,0
57.19986051,9.799860352,9.000193306,12.51070607,5.452684209,82.01038182,2.275068727,Histosol Dystric,0,0
57.29986051,9.799860352,8.960791016,12.41624973,5.49276608,81.86647281,2.25808256,Podzol Haplic,1,0
57.39986051,9.799860352,8.944600813,12.30049497,5.565203607,81.70155165,2.271232709,Arenosol Haplic,0,0
54.49986052,9.899860351,10.16421567,13.86342038,6.355150364,81.64539084,2.71506866,Luvisol Haplic,0,0
54.59986052,9.899860351,10.11695941,13.60955961,6.450576573,82.03693672,2.750958001,Luvisol Haplic,0,0
54.69986052,9.899860351,10.08533885,13.35468616,6.577753772,82.47013504,2.405205045,Luvisol Haplic,0,0
54.89986052,9.899860351,10.12495585,12.81900819,7.63676624,81.93968577,1.986575777,Luvisol Haplic,0,0
55.19986051,9.899860351,10.18474288,12.9457874,7.520218188,82.21835829,2.262740295,Luvisol Haplic,0,0
55.29986051,9.899860351,9.994520548,13.04216476,6.982795109,82.29731324,2.372054427,Arenosol Haplic,0,0
55.39986051,9.899860351,10.13939828,13.19912377,7.118930597,82.05080295,2.46712312,Luvisol Haplic,0,0
55.69986051,9.899860351,9.210905394,13.05087356,5.175836767,82.67913954,2.727945573,Luvisol Haplic,0,0
55.79986051,9.899860351,9.026769183,12.94465566,4.920492094,82.98328753,2.807124224,Cambisol Dystric,0,0
55.89986051,9.899860351,9.032906812,13.14073871,4.700766535,82.8018017,2.913973539,Luvisol Haplic,0,0
55.99986051,9.899860351,8.670875696,12.73765117,4.389452791,82.97926937,2.901370197,Luvisol Haplic,0,0
56.09986051,9.899860351,8.723559236,12.78531678,4.471095757,82.77580642,2.873424791,Luvisol Haplic,0,0
56.19986051,9.899860351,8.705149695,12.70003344,4.565069496,82.6181968,2.826575543,Luvisol Gleyic,0,0
56.29986051,9.899860351,8.693864378,12.59720543,4.70030133,82.37473442,2.77753438,Luvisol Haplic,0,0
56.39986051,9.899860351,8.810906063,12.63909461,4.930602191,82.49978782,2.686026795,Luvisol Haplic,0,0
56.49986051,9.899860351,8.986879281,12.74711847,5.209891374,82.38232695,2.637807517,Luvisol Haplic,0,0
56.59986051,9.899860351,9.052301611,12.74438543,5.370001137,82.49589189,2.644383261,Podzol Haplic,1,0
56.69986051,9.899860351,8.947312446,12.56350064,5.343834948,82.52921435,2.637260207,Podzol Haplic,0,0
56.79986051,9.899860351,8.806903494,12.38569938,5.247125829,82.66713564,2.54684975,Podzol Haplic,0,0
56.89986051,9.899860351,8.898027478,12.46460964,5.315865127,82.64485135,2.436164919,Podzol Haplic,0,0
56.99986051,9.899860351,8.938659166,12.50361061,5.341315283,82.4248156,2.375342633,Luvisol Haplic,0,0
57.09986051,9.899860351,9.021507117,12.58813945,5.371534875,82.11897557,2.364383394,Arenosol Haplic,0,0
57.19986051,9.899860351,8.990029698,12.56163447,5.364300286,82.06109861,2.353424825,Histosol Dystric,1,0
57.29986051,9.899860351,8.963968857,12.48843509,5.411126124,81.83488921,2.309315135,Podzol Haplic,0,0
57.39986051,9.899860351,8.932272715,12.33852071,5.503367803,81.71177843,2.271232709,Arenosol Haplic,0,0
57.49986051,9.899860351,8.890489887,12.15117321,5.628904912,81.45761395,2.394794621,Arenosol Haplic,9,0
55.19986051,9.999860351,9.983064667,12.91211071,7.138822373,82.21609701,2.262740295,Luvisol Haplic,0,0
55.29986051,9.999860351,10.18474288,12.9457874,7.520218188,82.21835829,2.353972971,Luvisol Haplic,0,0
55.39986051,9.999860351,9.994520548,13.04216476,6.982795109,82.29731324,2.381095824,Luvisol Haplic,0,0
55.49986051,9.999860351,9.819842947,13.14868365,6.430415909,82.29961262,2.386575276,Gleysol Eutric,0,0
55.89986051,9.999860351,9.105862051,13.07459332,4.943534956,82.65947808,2.758081891,Luvisol Haplic,0,0
55.99986051,9.999860351,8.735506073,12.69566968,4.57679527,82.91989467,2.824110057,Luvisol Haplic,0,0
56.09986051,9.999860351,8.687835777,12.63890331,4.547919119,82.62387999,2.78739716,Luvisol Haplic,0,0
56.19986051,9.999860351,8.770522528,12.6802119,4.709122833,82.44213044,2.80904123,Luvisol Haplic,0,0
56.29986051,9.999860351,8.668984107,12.48419173,4.818930932,82.34557587,2.707397294,Luvisol Gleyic,0,0
56.39986051,9.999860351,8.892655046,12.65674229,5.113616024,82.36176458,2.652328867,Luvisol Haplic,0,0
56.49986051,9.999860351,9.064387575,12.77215994,5.369451988,82.18007923,2.598356231,Podzol Haplic,0,0
56.59986051,9.999860351,9.04638605,12.6604345,5.47279337,82.41865874,2.57479432,Podzol Haplic,0,0
56.69986051,9.999860351,9.033477365,12.62701466,5.503071155,82.59360736,2.571780521,Podzol Haplic,0,0
56.79986051,9.999860351,8.99898598,12.56969446,5.468357368,82.61397763,2.526849616,Luvisol Gleyic,0,0
56.89986051,9.999860351,8.94079824,12.48476295,5.392083824,82.6933324,2.467397026,Histosol Dystric,0,0
56.99986051,9.999860351,8.928765117,12.48241251,5.346329195,82.50302243,2.36109569,Gleysol Eutric,0,0
57.09986051,9.999860351,9.017890491,12.59005779,5.377943734,82.18276849,2.377260809,Podzol Haplic,0,0
57.19986051,9.999860351,8.99405434,12.59840941,5.314659474,82.11369185,2.389315002,Podzol Haplic,0,0
57.29986051,9.999860351,8.966414945,12.51644103,5.345424872,81.80408825,2.407670698,Podzol Haplic,0,0
57.39986051,9.999860351,8.903093563,12.32789624,5.439755458,81.55449548,2.349588974,Arenosol Haplic,0,0
57.49986051,9.999860351,8.900026755,12.18484589,5.601587249,81.27747976,2.394794621,Podzol Haplic,1,0
55.09986051,10.09986035,10.02838586,13.01961687,7.14720275,82.06192967,2.169315035,Cambisol Dystric,0,0
55.19986051,10.09986035,9.935204409,13.04977927,6.882516187,82.13572049,2.233698429,Arenosol Haplic,0,0
55.29986051,10.09986035,9.983064667,12.91211071,7.138822373,82.21609701,2.351780387,Luvisol Haplic,0,0
55.39986051,10.09986035,9.774905688,12.89832513,6.655753692,82.45112318,2.38191821,Luvisol Haplic,0,0
55.49986051,10.09986035,9.669943279,13.03726857,6.24183567,82.29728303,2.386575276,Luvisol Haplic,0,0
55.89986051,10.09986035,9.10189025,12.7298079,5.296383374,82.26266819,2.599726094,Luvisol Haplic,0,0
55.99986051,10.09986035,8.791289865,12.58947052,4.80797069,82.7092292,2.720273538,Luvisol Haplic,0,0
56.09986051,10.09986035,8.620601455,12.4365716,4.631233947,82.64694231,2.703014133,Luvisol Haplic,0,0
56.19986051,10.09986035,8.802214656,12.59054473,4.872931159,82.35354836,2.720000134,Luvisol Haplic,0,0
56.29986051,10.09986035,8.818166738,12.53542648,5.074274267,82.2076128,2.697260107,Luvisol Haplic,0,0
56.39986051,10.09986035,8.942681801,12.60983519,5.293971399,82.20302625,2.562464884,Gleysol Eutric,0,0
56.49986051,10.09986035,9.070303136,12.70189426,5.512081617,82.29658341,2.589588573,Luvisol Gleyic,0,0
56.59986051,10.09986035,9.010247217,12.54137281,5.583728195,82.67643973,2.539999933,Podzol Haplic,0,0
56.69986051,10.09986035,9.106605174,12.62679126,5.651511665,82.59103763,2.512054694,Luvisol Gleyic,0,0
56.79986051,10.09986035,9.075064881,12.61380833,5.603477833,82.51241707,2.461369595,Histosol Dystric,0,0
56.89986051,10.09986035,9.036741492,12.55049497,5.531669721,82.47336895,2.422465452,Gleysol Eutric,0,0
56.99986051,10.09986035,9.034271993,12.56243713,5.475726736,82.40823025,2.409588874,Gleysol Eutric,0,0
57.09986051,10.09986035,9.098545189,12.64684824,5.494247646,82.1192723,2.403287537,Arenosol Haplic,0,0
57.19986051,10.09986035,8.984987024,12.53862907,5.375260863,81.99367321,2.428220315,Podzol Haplic,0,0
57.29986051,10.09986035,8.91065724,12.41474743,5.351669855,81.78985924,2.483287571,Podzol Haplic,0,0
57.39986051,10.09986035,8.843836285,12.24767765,5.397753237,81.61101081,2.516438356,Arenosol Haplic,0,0
57.49986051,10.09986035,8.871095757,12.15641321,5.582246963,81.33082475,2.480822085,Arenosol Haplic,0,0
55.09986051,10.19986035,9.875696971,12.97923266,6.824709038,82.10538782,2.169315035,Luvisol Haplic,0,0
55.19986051,10.19986035,10.02838586,13.01961687,7.14720275,82.06192967,2.241096559,Arenosol Haplic,0,0
55.29986051,10.19986035,9.935204409,13.04977927,6.882516187,82.13572049,2.390959105,Luvisol Haplic,0,0
55.39986051,10.19986035,9.643315898,12.88632545,6.379481485,82.40586917,2.394520882,Luvisol Haplic,0,0
55.49986051,10.19986035,9.588439105,13.03334225,6.045614833,82.18226978,2.380274274,Luvisol Haplic,0,0
55.89986051,10.19986035,9.343618231,12.72780126,5.828710269,82.03122836,2.410684998,Luvisol Haplic,0,0
55.99986051,10.19986035,9.10189025,12.7298079,5.296383374,82.26266819,2.590959272,Luvisol Haplic,0,0
56.19986051,10.19986035,8.84441219,12.44688303,5.136658551,82.24921875,2.708767324,Luvisol Haplic,0,0
56.29986051,10.19986035,8.896824165,12.45621789,5.337536454,82.12989379,2.676986402,Luvisol Haplic,0,0
56.39986051,10.19986035,8.972878318,12.53163929,5.4763003,82.20929622,2.528767792,Luvisol Haplic,0,0
56.49986051,10.19986035,9.153012628,12.710686,5.686190336,82.32360772,2.506027263,Gleysol Eutric,0,0
56.59986051,10.19986035,9.128652745,12.6182751,5.758134899,82.46628085,2.455890478,Gleysol Eutric,0,0
56.69986051,10.19986035,9.183621174,12.6448978,5.797589362,82.52563202,2.424931273,Gleysol Eutric,0,0
56.79986051,10.19986035,9.217783471,12.71049604,5.795124545,82.34152409,2.422191045,Gleysol Eutric,9,0
56.89986051,10.19986035,9.159669307,12.63369542,5.705343001,82.43245846,2.35178139,Gleysol Eutric,0,0
56.99986051,10.19986035,9.180219927,12.65860847,5.679641347,82.23451063,2.361095857,Gleysol Eutric,0,0
57.09986051,10.19986035,9.123147876,12.6046273,5.622055597,82.06562609,2.421369662,Arenosol Haplic,0,0
57.19986051,10.19986035,9.045917835,12.51410665,5.506246656,81.90886697,2.49972576,Podzol Haplic,0,0
57.29986051,10.19986035,8.848522448,12.28150685,5.384517806,81.82627611,2.575616037,Podzol Haplic,0,0
57.39986051,10.19986035,8.745892418,12.10079329,5.34156143,81.4979917,2.592603208,Podzol Haplic,0,0
57.49986051,10.19986035,8.856903494,12.1013605,5.559616465,81.31096347,2.533971834,Gleysol Eutric,28,0
55.09986051,10.29986035,9.899262227,13.13365261,6.690026354,81.98071762,2.257260508,Luvisol Haplic,0,0
55.19986051,10.29986035,9.875696971,12.97923266,6.824709038,82.10538782,2.269314366,Luvisol Haplic,0,0
55.29986051,10.29986035,9.961756207,13.23279511,6.716576145,81.86574721,2.326302641,Luvisol Haplic,0,0
55.39986051,10.29986035,9.749013404,13.15339656,6.304300219,82.13997214,2.338081924,Luvisol Haplic,0,0
55.49986051,10.29986035,9.681395147,13.23433487,5.968438303,81.90654159,2.331506849,Luvisol Haplic,0,0
56.19986051,10.29986035,9.333505458,12.56992188,6.140683192,81.91463919,2.666301403,Luvisol Haplic,0,0
56.29986051,10.29986035,9.058055303,12.44543022,5.693232288,82.12320465,2.593698831,Arenosol Haplic,0,0
56.39986051,10.29986035,9.079040695,12.54350519,5.695127221,82.1746365,2.472054761,Gleysol Eutric,0,0
56.49986051,10.29986035,9.266688517,12.75306748,5.872356592,82.10801654,2.440001271,Luvisol Haplic,0,0
56.59986051,10.29986035,9.311893327,12.7669855,5.949259552,82.32784831,2.421917808,Gleysol Eutric,0,0
56.99986051,10.29986035,9.253585857,12.64719874,5.831176423,81.98955242,2.344383428,Regosol Dystric,0,0
57.09986051,10.29986035,9.191783497,12.57566353,5.774905688,81.87382375,2.424930938,Arenosol Haplic,0,0
57.19986051,10.29986035,9.052491572,12.41407588,5.614356807,81.77914326,2.524109556,Gleysol Eutric,0,0
57.29986051,10.29986035,8.917125963,12.27540266,5.500139127,81.72549865,2.629862579,Podzol Haplic,0,0
57.39986051,10.29986035,8.824326439,12.16435547,5.436877609,81.34096061,2.623287671,Podzol Haplic,0,0
57.49986051,10.29986035,8.860820446,12.06643702,5.584272996,81.04496552,2.516164618,Gleysol Eutric,15,0
54.99986051,10.39986035,9.965261799,13.20496308,6.687233118,81.74140841,2.309863281,Luvisol Haplic,0,0
55.09986051,10.39986035,9.817421607,13.0890732,6.533750268,81.94008966,2.313150819,Luvisol Haplic,0,0
55.19986051,10.39986035,9.899262227,13.13365261,6.690026354,81.98071762,2.318355027,Luvisol Haplic,0,0
55.29986051,10.39986035,9.884984348,13.25750482,6.524468911,81.84023876,2.321095924,Luvisol Haplic,0,0
55.39986051,10.39986035,9.856383107,13.35509685,6.272192048,81.6760413,2.315616806,Cambisol Dystric,0,0
55.49986051,10.39986035,9.730766401,13.3467439,5.941233679,81.58756325,2.283013832,Gleysol Eutric,0,0
56.29986051,10.39986035,9.333505458,12.56992188,6.140683192,81.91463919,2.627397093,Luvisol Haplic,0,0
56.39986051,10.39986035,9.189891909,12.55947533,5.888630405,82.09862739,2.46356151,Arenosol Haplic,0,0
57.19986051,10.39986035,9.176494943,12.43564854,5.858685386,81.73991428,2.471506782,Luvisol Gleyic,0,0
57.29986051,10.39986035,9.107894772,12.36912591,5.781284113,81.44760742,2.606575911,Arenosol Haplic,1,0
57.39986051,10.39986035,8.890190898,12.15407481,5.546383709,81.11301642,2.596986368,Luvisol Gleyic,0,0
57.49986051,10.39986035,8.9254234,12.04756528,5.728023999,81.00725213,2.451781223,Cambisol Dystric,0,0
57.59986051,10.39986035,9.130711553,12.09537404,6.135069965,80.62572298,2.325205513,Regosol Dystric,14,0
54.99986051,10.49986035,9.904957058,13.18237372,6.542764742,81.7075168,2.309863281,Luvisol Haplic,0,0
55.09986051,10.49986035,9.965261799,13.20496308,6.687233118,81.74140841,2.355890311,Luvisol Haplic,0,0
55.19986051,10.49986035,9.817421607,13.0890732,6.533750268,81.94008966,2.370959138,Luvisol Haplic,0,0
55.29986051,10.49986035,9.774134471,13.14314801,6.404546367,81.99721296,2.306849817,Luvisol Haplic,0,0
55.39986051,10.49986035,9.904409247,13.39112131,6.36668651,81.61272952,2.248219947,Luvisol Haplic,0,0
56.09986051,10.49986035,9.711180972,12.26821891,7.27559062,81.91766036,2.518629602,Cambisol Dystric,0,0
56.19986051,10.49986035,9.346771993,12.4331242,6.334385702,82.1472385,2.822192383,Luvisol Haplic,0,0
56.29986051,10.49986035,9.35663193,12.74156544,6.041480496,81.94931073,2.672602573,Arenosol Haplic,0,0
56.39986051,10.49986035,9.291399561,12.62113121,6.018820901,82.00109288,2.515069831,Arenosol Haplic,5,0
57.19986051,10.49986035,9.333261986,12.27784006,6.373260247,81.30530626,2.451780554,Gleysol Eutric,0,0
54.99986051,10.59986035,9.998031491,13.16519959,6.793838292,81.75495626,2.26410882,Cambisol Dystric,0,0
55.09986051,10.59986035,9.904957058,13.18237372,6.542764742,81.7075168,2.323561577,Luvisol Haplic,0,0
55.19986051,10.59986035,9.690439052,12.91945098,6.477010649,82.08357634,2.348219613,Luvisol Haplic,0,0
55.29986051,10.59986035,9.753454757,13.02326627,6.476246121,82.02706473,2.263561844,Luvisol Haplic,0,0
55.39986051,10.59986035,9.962869221,13.32402478,6.593948657,81.42007636,2.212054527,Cambisol Dystric,0,0
55.49986051,10.59986035,9.974631448,13.30364806,6.608164999,81.40922619,2.177535049,Luvisol Haplic,0,0
55.79986051,10.59986035,9.954276809,12.74900872,7.29589108,80.69300328,2.166849549,Luvisol Haplic,0,0
56.19986051,10.59986035,9.711180972,12.26821891,7.27559062,81.91766036,2.822192383,Arenosol Haplic,0,0
56.29986051,10.59986035,9.346771993,12.4331242,6.334385702,82.1472385,2.833424189,Luvisol Haplic,0,0
56.39986051,10.59986035,9.35663193,12.74156544,6.041480496,81.94931073,2.697533511,Arenosol Haplic,0,0
54.79986052,10.69986035,10.3550701,13.10685333,7.657642605,81.57226027,1.995069028,Luvisol Haplic,0,0
54.89986052,10.69986035,10.2460583,13.13725653,7.373749197,81.55497584,2.103835683,Luvisol Haplic,0,0
55.09986051,10.69986035,9.998031491,13.16519959,6.793838292,81.75495626,2.27150695,Luvisol Haplic,0,0
55.19986051,10.69986035,9.772081683,12.90838105,6.682082085,82.02954714,2.248766923,Luvisol Haplic,0,0
55.29986051,10.69986035,9.844052333,12.99947159,6.727262147,81.81335038,2.186575276,Luvisol Haplic,0,0
56.19986051,10.69986035,9.613263859,12.64644023,6.727013993,81.8727142,2.915068493,Luvisol Haplic,0,0
56.29986051,10.69986035,9.500111703,12.65734562,6.420192771,81.92777214,3.003014301,Luvisol Haplic,0,0
56.39986051,10.69986035,9.369558005,12.78975546,6.02914504,81.93087236,2.812876579,Arenosol Haplic,0,0
54.89986052,10.79986035,10.3550701,13.10685333,7.657642605,81.57226027,2.103835683,Cambisol Dystric,0,0
56.29986051,10.79986035,9.613263859,12.64644023,6.727013993,81.8727142,2.871231873,Luvisol Haplic,0,0
56.39986051,10.79986035,9.462166899,12.67797918,6.389723352,81.86559146,2.75616338,Arenosol Haplic,0,0
57.19986051,10.89986035,9.585505405,11.86742428,7.394492455,81.28068123,2.424109054,Gleysol Eutric,105,0
57.19986051,10.99986035,9.621860954,11.77879522,7.621808112,81.27661401,2.424109054,Gleysol Eutric,45,0
54.69986052,11.09986035,10.42118004,13.15207754,7.647456255,82.1167589,1.784931841,Luvisol Haplic,0,0
54.79986052,11.09986035,10.36284313,13.19745559,7.481068065,82.02442227,1.860000234,Luvisol Haplic,0,0
54.89986052,11.09986035,10.33819028,13.20720115,7.451289598,82.03432153,1.86575309,Cambisol Dystric,0,0
55.59986051,11.09986035,10.12402879,12.91005057,7.552550433,80.89794516,2.072328332,Luvisol Haplic,0,0
55.69986051,11.09986035,10.22723004,12.89646431,7.829451386,80.81094074,2.093424591,Gleysol Eutric,0,0
54.69986052,11.19986035,10.27723272,13.27197533,7.10509284,82.35180664,1.784931841,Luvisol Haplic,0,0
54.79986052,11.19986035,10.42118004,13.15207754,7.647456255,82.1167589,1.860000234,Luvisol Haplic,0,0
54.89986052,11.19986035,10.36284313,13.19745559,7.481068065,82.02442227,1.86575309,Cambisol Eutric,0,0
55.19986051,11.19986035,10.18783645,13.22605817,7.183036574,81.34306197,1.902739559,Cambisol Eutric,0,0
55.29986051,11.19986035,10.08238509,13.27205961,6.93879428,80.816708,2.003013799,Cambisol Eutric,0,0
55.39986051,11.19986035,10.04219151,13.22638725,6.934986355,80.8986695,2.013972536,Cambisol Eutric,0,0
55.49986051,11.19986035,10.08912404,13.17528227,7.101287591,80.78053781,1.999999498,Arenosol Haplic,0,0
55.59986051,11.19986035,10.04692985,13.01410397,7.253282855,80.77176493,2.072328332,Luvisol Haplic,0,0
54.69986052,11.29986035,10.13967185,13.31878746,6.713479907,82.43263079,1.804109422,Luvisol Haplic,0,0
54.79986052,11.29986035,10.27723272,13.27197533,7.10509284,82.35180664,1.826027063,Cambisol Eutric,0,0
55.19986051,11.29986035,10.03230215,13.28205399,6.723426129,81.10888812,1.902739559,Cambisol Eutric,0,0
55.29986051,11.29986035,10.18783645,13.22605817,7.183036574,81.34306197,2.003013799,Cambisol Eutric,0,0
55.39986051,11.29986035,10.08238509,13.27205961,6.93879428,80.816708,2.013972536,Cambisol Eutric,0,0
55.49986051,11.29986035,10.04219151,13.22638725,6.934986355,80.8986695,1.999999498,Luvisol Haplic,0,0
55.59986051,11.29986035,10.08912404,13.17528227,7.101287591,80.78053781,2.102191747,Arenosol Haplic,0,0
55.69986051,11.29986035,10.04692985,13.01410397,7.253282855,80.77176493,2.184931674,Luvisol Haplic,0,0
54.59986052,11.39986035,10.21413875,13.15498448,7.153393889,82.3451528,1.783835884,Luvisol Haplic,0,0
54.69986052,11.39986035,10.05671153,13.20959439,6.678163126,82.41797419,1.821369997,Cambisol Eutric,1,0
54.79986052,11.39986035,10.13967185,13.31878746,6.713479907,82.43263079,1.813698965,Cambisol Eutric,0,0
55.19986051,11.39986035,9.862555517,13.27112051,6.346440898,81.06949685,1.868493485,Cambisol Eutric,0,0
55.29986051,11.39986035,10.03230215,13.28205399,6.723426129,81.10888812,2.045754294,Cambisol Eutric,0,0
55.39986051,11.39986035,9.813700637,13.22240475,6.358300112,80.548127,2.056712195,Cambisol Eutric,0,0
55.49986051,11.39986035,9.846986034,13.20518515,6.499397341,80.74379788,2.103013632,Luvisol Haplic,0,0
55.59986051,11.39986035,9.833589068,13.08232689,6.628300915,80.76880086,2.169315035,Luvisol Haplic,0,0
55.69986051,11.39986035,9.889234402,13.03821838,6.843971399,80.6450546,2.184931674,Gleysol Eutric,0,0
54.59986052,11.49986034,10.17665681,13.05755699,7.186576279,82.23734526,1.783835884,Luvisol Haplic,0,0
54.69986052,11.49986034,10.21413875,13.15498448,7.153393889,82.3451528,1.801918009,Cambisol Eutric,0,0
55.19986051,11.49986034,9.768246335,13.23857154,6.129150391,81.18334891,1.932328232,Cambisol Eutric,0,0
55.29986051,11.49986034,9.862555517,13.27112051,6.346440898,81.06949685,2.09205456,Cambisol Eutric,0,0
55.39986051,11.49986034,9.661231807,13.18607663,6.030520254,80.73309689,2.125205011,Cambisol Eutric,0,0
55.49986051,11.49986034,9.704547036,13.17926477,6.156438624,80.83519294,2.125205178,Arenosol Haplic,0,0
55.59986051,11.49986034,9.761094686,13.18074031,6.316572132,80.56601671,2.163836085,Luvisol Haplic,0,0
55.69986051,11.49986034,9.797093054,13.14060493,6.470135247,80.55368673,2.139452289,Gleysol Eutric,0,0
55.79986051,11.49986034,9.957453981,13.20855094,6.778411949,80.42942995,2.28958874,Luvisol Haplic,1,0
54.69986052,11.59986034,10.17665681,13.05755699,7.186576279,82.23734526,1.756712028,Cambisol Eutric,0,0
54.79986052,11.59986034,10.03578098,13.08781036,6.792630966,82.33461723,1.793972904,Cambisol Eutric,0,0
55.19986051,11.59986034,9.682251311,13.19046046,5.989812313,81.41389698,1.93589001,Cambisol Eutric,0,0
55.29986051,11.59986034,9.768246335,13.23857154,6.129150391,81.18334891,2.072602071,Cambisol Eutric,0,0
55.39986051,11.59986034,9.634849235,13.17624946,5.918327938,80.89574296,2.111781123,Cambisol Eutric,0,0
55.49986051,11.59986034,9.610380993,13.17523545,5.930684129,80.79246279,2.16191841,Luvisol Haplic,0,0
55.59986051,11.59986034,9.669204168,13.20745264,6.015673159,80.5249482,2.124931607,Luvisol Haplic,0,0
55.69986051,11.59986034,9.690992214,13.21565309,6.09827028,80.34498214,2.115616137,Luvisol Haplic,0,0
55.79986051,11.59986034,9.849127114,13.31172143,6.338027745,80.19851584,2.28958874,Luvisol Haplic,0,0
54.69986052,11.69986034,10.04035745,12.83446463,7.137946142,82.25282057,1.733150785,Luvisol Haplic,0,0
54.79986052,11.69986034,10.02673842,12.95725867,6.954029324,82.36022678,1.793972904,Cambisol Dystric,0,0
55.09986051,11.69986034,9.72490435,13.12353516,6.120655635,81.75308969,1.92904036,Cambisol Dystric,0,0
55.19986051,11.69986034,9.566550059,13.06794333,5.831206523,81.43841518,1.937260207,Cambisol Eutric,0,0
55.29986051,11.69986034,9.682251311,13.19046046,5.989812313,81.41389698,2.046027364,Cambisol Eutric,0,0
55.39986051,11.69986034,9.599121094,13.17224288,5.818793477,81.00181048,2.111780788,Cambisol Eutric,0,0
55.49986051,11.69986034,9.552386558,13.15304206,5.754959734,80.88949965,2.113150484,Cambisol Eutric,0,0
55.59986051,11.69986034,9.560326145,13.18054099,5.77912096,80.44828559,2.105205212,Luvisol Haplic,0,0
55.69986051,11.69986034,9.565647742,13.1730937,5.801262174,80.25801752,2.11616445,Luvisol Haplic,0,0
54.69986052,11.79986034,10.05156584,12.71907374,7.307479399,82.18662465,1.665753592,Luvisol Haplic,0,0
54.79986052,11.79986034,10.04035745,12.83446463,7.137946142,82.25282057,1.750684764,Luvisol Haplic,0,0
54.99986051,11.79986034,9.774874251,12.96098566,6.396190737,81.98956505,1.898356398,Arenosol Haplic,0,0
55.09986051,11.79986034,9.58479238,12.94035477,6.011229131,81.86527344,1.92904036,Cambisol Eutric,0,0
55.19986051,11.79986034,9.72490435,13.12353516,6.120655635,81.75308969,1.966575309,Cambisol Eutric,0,0
55.29986051,11.79986034,9.566550059,13.06794333,5.831206523,81.43841518,2.037534614,Cambisol Eutric,0,0
55.39986051,11.79986034,9.494604827,13.08525658,5.678465459,81.08854351,2.063013866,Cambisol Eutric,0,0
55.49986051,11.79986034,9.506437286,13.13966182,5.637067236,80.73348871,2.107944771,Cambisol Eutric,0,0
55.59986051,11.79986034,9.41616144,13.0719954,5.587862867,80.6568776,2.115068493,Cambisol Eutric,0,0
55.69986051,11.79986034,9.529668771,13.19909835,5.729205908,80.30423968,2.121369662,Cambisol Dystric,0,0
54.59986052,11.89986034,10.16468322,12.52938918,7.731999813,81.99292682,1.533150952,Gleysol Eutric,0,0
54.69986052,11.89986034,10.04380886,12.61071543,7.411203045,82.16430869,1.607397461,Luvisol Haplic,0,0
54.79986052,11.89986034,10.05156584,12.71907374,7.307479399,82.18662465,1.692054393,Luvisol Haplic,0,0
54.99986051,11.89986034,9.623616091,12.71559423,6.39214001,82.19258797,1.898356398,Luvisol Haplic,0,0
55.09986051,11.89986034,9.774874251,12.96098566,6.396190737,81.98956505,1.983013665,Cambisol Eutric,0,0
55.19986051,11.89986034,9.58479238,12.94035477,6.011229131,81.86527344,2.020274708,Cambisol Eutric,0,0
55.29986051,11.89986034,9.387097335,12.87832165,5.672111114,81.61658524,2.056985933,Cambisol Eutric,0,0
55.39986051,11.89986034,9.45106753,13.04627435,5.615534701,81.06051897,2.043287471,Cambisol Eutric,0,0
55.49986051,11.89986034,9.412135461,13.07487559,5.524328781,80.7237573,2.134794888,Cambisol Eutric,0,0
55.59986051,11.89986034,9.237043156,12.90024481,5.401616679,80.71364141,2.147671133,Cambisol Eutric,0,0
55.69986051,11.89986034,9.4245465,13.0976402,5.601587583,80.21889067,2.189315336,Luvisol Haplic,0,0
55.79986051,11.89986034,9.550078259,13.13662511,5.833560975,80.06036932,2.260000903,Cambisol Dystric,0,0
55.89986051,11.89986034,9.652330372,12.85336713,6.408822506,80.17882124,2.317534146,Cambisol Dystric,0,0
54.79986052,11.99986034,10.04380886,12.61071543,7.411203045,82.16430869,1.672328332,Luvisol Haplic,0,0
54.89986052,11.99986034,9.941534675,12.68328205,7.113453821,82.18254374,1.832328399,Cambisol Dystric,0,0
54.99986051,11.99986034,9.624468242,12.64328312,6.52424885,82.1874018,2.000822052,Luvisol Haplic,0,0
55.09986051,11.99986034,9.623616091,12.71559423,6.39214001,82.19258797,2.087123589,Cambisol Dystric,0,0
55.19986051,11.99986034,9.525996629,12.80882384,6.047669628,81.89018415,2.173972436,Cambisol Eutric,0,0
55.29986051,11.99986034,9.201753799,12.6037591,5.602107636,81.78562905,2.069040628,Cambisol Eutric,0,0
55.39986051,11.99986034,9.379810574,12.96213078,5.567755712,81.01790458,2.044383762,Cambisol Eutric,0,0
55.49986051,11.99986034,9.385562259,13.07013458,5.499778267,80.67015426,2.118082627,Cambisol Eutric,0,0
55.59986051,11.99986034,9.321069001,13.04929233,5.42185995,80.55938043,2.096438222,Cambisol Eutric,1,0
55.69986051,11.99986034,9.480356378,13.18737024,5.604302226,80.01928238,2.170684731,Luvisol Haplic,0,0
55.79986051,11.99986034,9.529205908,13.13238709,5.775779243,79.95680464,2.260000903,Cambisol Dystric,0,0
55.89986051,11.99986034,9.591618953,13.03928992,6.065668477,80.07047392,2.317534146,Podzol Haplic,0,0
54.89986052,12.09986034,9.972219472,12.62605415,7.264519344,82.11624086,1.832328399,Luvisol Haplic,0,0
55.19986051,12.09986034,9.659286708,12.8910892,6.293562714,81.85741639,2.250685099,Luvisol Haplic,0,0
55.29986051,12.09986034,9.390302601,12.76791792,5.844109188,81.43232169,2.095068527,Cambisol Eutric,0,0
55.39986051,12.09986034,9.431205854,13.00556106,5.656028601,80.95993561,2.048493351,Luvisol Haplic,1,0
55.49986051,12.09986034,9.375178591,13.07451707,5.482903133,80.58809593,2.070684731,Luvisol Haplic,0,0
55.59986051,12.09986034,9.35570152,13.11707379,5.400300661,80.2812772,2.140274675,Luvisol Haplic,0,0
55.69986051,12.09986034,9.425561858,13.16180704,5.51589021,79.922086,2.17150695,Luvisol Haplic,0,0
55.79986051,12.09986034,9.574983947,13.20235178,5.785178992,79.69048394,2.280273939,Luvisol Haplic,0,0
55.89986051,12.09986034,9.577070848,13.03054634,5.981889448,79.93768344,2.352602773,Podzol Haplic,0,0
55.99986051,12.09986034,9.605456041,12.82444082,6.289286574,80.17022856,2.465752923,Luvisol Gleyic,0,0
54.89986052,12.19986034,9.957696784,12.71446249,7.194933246,81.87640516,1.832602807,Luvisol Haplic,0,0
55.19986051,12.19986034,9.726904297,12.97844205,6.400303002,81.25117407,2.203013297,Luvisol Haplic,0,0
55.29986051,12.19986034,9.60421661,12.93816085,6.134603756,81.44627803,2.013424892,Luvisol Haplic,0,0
55.49986051,12.19986034,9.538439105,13.22284889,5.667672437,80.32899306,2.086849014,Luvisol Haplic,0,0
55.59986051,12.19986034,9.414385568,13.18547597,5.4935888,79.96482193,2.192876612,Luvisol Haplic,0,0
55.69986051,12.19986034,9.397726482,13.13155768,5.515040735,79.87820485,2.241369629,Luvisol Haplic,0,0
55.79986051,12.19986034,9.551838078,13.18841101,5.759832513,79.68317291,2.34191744,Luvisol Haplic,1,0
55.89986051,12.19986034,9.495206817,12.97970489,5.875837436,80.03533381,2.435342365,Podzol Haplic,0,0
55.99986051,12.19986034,9.578985847,12.83016775,6.200601991,80.15874118,2.465752923,Podzol Haplic,1,0
55.19986051,12.29986034,9.767346693,12.90504602,6.626356485,81.18957315,2.0936995,Luvisol Haplic,0,0
55.29986051,12.29986034,9.726904297,12.97844205,6.400303002,81.25117407,2.01205553,Luvisol Haplic,0,0
55.59986051,12.29986034,9.647998716,13.31311537,5.874628104,79.73491211,2.183561811,Luvisol Haplic,0,0
55.69986051,12.29986034,9.583996415,13.26281705,5.82189306,79.52284401,2.277260809,Luvisol Haplic,0,0
55.79986051,12.29986034,9.579650043,13.20578312,5.838522715,79.44620768,2.415890879,Luvisol Haplic,2,0
55.89986051,12.29986034,9.420985392,12.94657534,5.756518889,80.01690725,2.465479185,Podzol Haplic,0,0
55.99986051,12.29986034,9.468303858,12.76339897,6.036576279,80.10694856,2.506849315,Luvisol Gleyic,0,0
55.59986051,12.39986034,10.01641093,13.5614512,6.577425353,78.69549493,2.214246776,Luvisol Haplic,0,0
55.69986051,12.39986034,9.807122886,13.4138926,6.208110151,79.20306043,2.322465787,Luvisol Haplic,0,0
55.79986051,12.39986034,9.648216101,13.24773652,6.011532133,79.36980609,2.443287303,Luvisol Haplic,0,0
55.89986051,12.39986034,9.396985365,13.00622324,5.641123983,79.82273196,2.457260174,Luvisol Gleyic,0,0
55.99986051,12.39986034,9.406631261,12.80723191,5.878795885,80.21645157,2.390136886,Podzol Haplic,0,0
55.59986051,12.49986034,10.20049163,13.69684691,6.889534059,77.86385696,2.199178116,Luvisol Haplic,0,0
55.69986051,12.49986034,10.01641093,13.5614512,6.577425353,78.69549493,2.25561607,Luvisol Haplic,0,0
55.79986051,12.49986034,9.827125027,13.34381154,6.344056346,78.9762487,2.349862545,Luvisol Haplic,0,0
55.99986051,12.49986034,9.51285183,13.02821463,5.919588774,79.78851606,2.322464951,Podzol Haplic,0,0
